ApplyEyeMakeup_g01_c05_00049, 2
ApplyEyeMakeup_g01_c05_00065, 3
ApplyEyeMakeup_g01_c05_00081, 2
ApplyEyeMakeup_g01_c05_00097, 2
ApplyEyeMakeup_g01_c05_00113, 2
ApplyEyeMakeup_g01_c05_00129, 2
ApplyEyeMakeup_g01_c05_00145, 2
ApplyEyeMakeup_g01_c05_00161, 2
ApplyEyeMakeup_g01_c05_00177, 2
ApplyEyeMakeup_g01_c05_00193, 2
ApplyEyeMakeup_g01_c05_00209, 6
ApplyEyeMakeup_g01_c05_00225, 3
ApplyEyeMakeup_g01_c05_00241, 2
ApplyEyeMakeup_g01_c05_00257, 3
ApplyEyeMakeup_g01_c05_00273, 3
ApplyEyeMakeup_g01_c06_00001, 2
ApplyEyeMakeup_g01_c06_00017, 2
ApplyEyeMakeup_g01_c06_00033, 2
ApplyEyeMakeup_g01_c06_00049, 2
ApplyEyeMakeup_g01_c06_00065, 2
ApplyEyeMakeup_g01_c06_00081, 2
ApplyEyeMakeup_g01_c06_00097, 2
ApplyEyeMakeup_g02_c01_00001, 2
ApplyEyeMakeup_g02_c01_00017, 1
ApplyEyeMakeup_g02_c01_00033, 1
ApplyEyeMakeup_g02_c01_00049, 1
ApplyEyeMakeup_g02_c01_00065, 1
ApplyEyeMakeup_g02_c01_00081, 1
ApplyEyeMakeup_g02_c01_00097, 1
ApplyEyeMakeup_g02_c01_00113, 1
ApplyEyeMakeup_g02_c01_00129, 1
ApplyEyeMakeup_g02_c01_00145, 1
ApplyEyeMakeup_g02_c02_00001, 1
ApplyEyeMakeup_g02_c02_00017, 1
ApplyEyeMakeup_g02_c02_00033, 1
ApplyEyeMakeup_g02_c02_00049, 1
ApplyEyeMakeup_g02_c02_00065, 2
ApplyEyeMakeup_g02_c02_00081, 1
ApplyEyeMakeup_g02_c02_00097, 1
ApplyEyeMakeup_g02_c02_00113, 1
ApplyEyeMakeup_g02_c02_00129, 1
ApplyEyeMakeup_g02_c03_00001, 1
ApplyEyeMakeup_g02_c03_00017, 1
ApplyEyeMakeup_g02_c03_00033, 1
ApplyEyeMakeup_g02_c03_00049, 1
ApplyEyeMakeup_g02_c03_00065, 1
ApplyEyeMakeup_g02_c03_00081, 1
ApplyEyeMakeup_g02_c03_00097, 1
ApplyEyeMakeup_g02_c03_00113, 1
ApplyEyeMakeup_g02_c03_00129, 1
